{
    "Tsunami Warning": { "background": "#FD6347", "text": "#FFFFFF" },
    "Tornado Warning": { "background": "#FF0000", "text": "#FFFFFF" },
    "Extreme Wind Warning": { "background": "#FF8C00", "text": "#FFFFFF" },
    "Severe Thunderstorm Warning": { "background": "#FFA500", "text": "#000000" },
    "Flash Flood Warning": { "background": "#8B0000", "text": "#FFFFFF" },
    "Flash Flood Statement": { "background": "#8B0000", "text": "#FFFFFF" },
    "Severe Weather Statement": { "background": "#00FFFF", "text": "#000000" },
    "Shelter In Place Warning": { "background": "#FA8072", "text": "#000000" },
    "Evacuation Immediate": { "background": "#7FFF00", "text": "#000000" },
    "Civil Danger Warning": { "background": "#FFB6C1", "text": "#000000" },
    "Nuclear Power Plant Warning": { "background": "#4B0082", "text": "#FFFFFF" },
    "Radiological Hazard Warning": { "background": "#4B0082", "text": "#FFFFFF" },
    "Hazardous Materials Warning": { "background": "#4B0082", "text": "#FFFFFF" },
    "Fire Warning": { "background": "#A0522D", "text": "#FFFFFF" },
    "Civil Emergency Message": { "background": "#FFB6C1", "text": "#000000" },
    "Law Enforcement Warning": { "background": "#C0C0C0", "text": "#000000" },
    "Storm Surge Warning": { "background": "#B524F7", "text": "#FFFFFF" },
    "Hurricane Force Wind Warning": { "background": "#CD5C5C", "text": "#FFFFFF" },
    "Hurricane Warning": { "background": "#DC143C", "text": "#FFFFFF" },
    "Typhoon Warning": { "background": "#DC143C", "text": "#FFFFFF" },
    "Special Marine Warning": { "background": "#FFA500", "text": "#000000" },
    "Blizzard Warning": { "background": "#FF4500", "text": "#FFFFFF" },
    "Snow Squall Warning": { "background": "#C71585", "text": "#FFFFFF" },
    "Ice Storm Warning": { "background": "#8B008B", "text": "#FFFFFF" },
    "Heavy Freezing Spray Warning": { "background": "#00BFFF", "text": "#000000" },
    "Winter Storm Warning": { "background": "#FF69B4", "text": "#000000" },
    "Lake Effect Snow Warning": { "background": "#008B8B", "text": "#FFFFFF" },
    "Dust Storm Warning": { "background": "#FFE4C4", "text": "#000000" },
    "Blowing Dust Warning": { "background": "#FFE4C4", "text": "#000000" },
    "High Wind Warning": { "background": "#DAA520", "text": "#000000" },
    "Tropical Storm Warning": { "background": "#B22222", "text": "#FFFFFF" },
    "Storm Warning": { "background": "#9400D3", "text": "#FFFFFF" },
    "Tsunami Advisory": { "background": "#D2691E", "text": "#FFFFFF" },
    "Tsunami Watch": { "background": "#FF00FF", "text": "#000000" },
    "Avalanche Warning": { "background": "#1E90FF", "text": "#000000" },
    "Earthquake Warning": { "background": "#8B4513", "text": "#FFFFFF" },
    "Volcano Warning": { "background": "#2F4F4F", "text": "#FFFFFF" },
    "Ashfall Warning": { "background": "#A9A9A9", "text": "#000000" },
    "Flood Warning": { "background": "#00FF00", "text": "#000000" },
    "Coastal Flood Warning": { "background": "#228B22", "text": "#FFFFFF" },
    "Lakeshore Flood Warning": { "background": "#228B22", "text": "#FFFFFF" },
    "Ashfall Advisory": { "background": "#696969", "text": "#FFFFFF" },
    "High Surf Warning": { "background": "#228B22", "text": "#FFFFFF" },
    "Excessive Heat Warning": { "background": "#C71585", "text": "#FFFFFF" },
    "Tornado Watch": { "background": "#FFFF00", "text": "#000000" },
    "Severe Thunderstorm Watch": { "background": "#DB7093", "text": "#000000" },
    "Flash Flood Watch": { "background": "#2E8B57", "text": "#FFFFFF" },
    "Gale Warning": { "background": "#DDA0DD", "text": "#000000" },
    "Flood Statement": { "background": "#00FF00", "text": "#000000" },
    "Extreme Cold Warning": { "background": "#0000FF", "text": "#FFFFFF" },
    "Freeze Warning": { "background": "#483D8B", "text": "#FFFFFF" },
    "Red Flag Warning": { "background": "#FF1493", "text": "#000000" },
    "Storm Surge Watch": { "background": "#DB7FF7", "text": "#000000" },
    "Hurricane Watch": { "background": "#FF00FF", "text": "#000000" },
    "Hurricane Force Wind Watch": { "background": "#9932CC", "text": "#FFFFFF" },
    "Typhoon Watch": { "background": "#FF00FF", "text": "#000000" },
    "Tropical Storm Watch": { "background": "#F08080", "text": "#000000" },
    "Storm Watch": { "background": "#FFE4B5", "text": "#000000" },
    "Tropical Cyclone Local Statement": { "background": "#FFE4B5", "text": "#000000" },
    "Winter Weather Advisory": { "background": "#7B68EE", "text": "#FFFFFF" },
    "Avalanche Advisory": { "background": "#CD853F", "text": "#FFFFFF" },
    "Cold Weather Advisory": { "background": "#AFEEEE", "text": "#000000" },
    "Heat Advisory": { "background": "#FF7F50", "text": "#000000" },
    "Flood Advisory": { "background": "#00FF7F", "text": "#000000" },
    "Coastal Flood Advisory": { "background": "#7CFC00", "text": "#000000" },
    "Lakeshore Flood Advisory": { "background": "#7CFC00", "text": "#000000" },
    "High Surf Advisory": { "background": "#BA55D3", "text": "#FFFFFF" },
    "Dense Fog Advisory": { "background": "#708090", "text": "#FFFFFF" },
    "Dense Smoke Advisory": { "background": "#F0E68C", "text": "#000000" },
    "Small Craft Advisory": { "background": "#D8BFD8", "text": "#000000" },
    "Brisk Wind Advisory": { "background": "#D8BFD8", "text": "#000000" },
    "Hazardous Seas Warning": { "background": "#D8BFD8", "text": "#000000" },
    "Dust Advisory": { "background": "#BDB76B", "text": "#000000" },
    "Blowing Dust Advisory": { "background": "#BDB76B", "text": "#000000" },
    "Lake Wind Advisory": { "background": "#D2B48C", "text": "#000000" },
    "Wind Advisory": { "background": "#D2B48C", "text": "#000000" },
    "Frost Advisory": { "background": "#6495ED", "text": "#000000" },
    "Freezing Fog Advisory": { "background": "#008080", "text": "#FFFFFF" },
    "Freezing Spray Advisory": { "background": "#00BFFF", "text": "#000000" },
    "Low Water Advisory": { "background": "#A52A2A", "text": "#FFFFFF" },
    "Local Area Emergency": { "background": "#C0C0C0", "text": "#000000" },
    "Winter Storm Watch": { "background": "#4682B4", "text": "#FFFFFF" },
    "Rip Current Statement": { "background": "#40E0D0", "text": "#000000" },
    "Beach Hazards Statement": { "background": "#40E0D0", "text": "#000000" },
    "Gale Watch": { "background": "#FFC0CB", "text": "#000000" },
    "Avalanche Watch": { "background": "#F4A460", "text": "#000000" },
    "Hazardous Seas Watch": { "background": "#483D8B", "text": "#FFFFFF" },
    "Heavy Freezing Spray Watch": { "background": "#BC8F8F", "text": "#000000" },
    "Flood Watch": { "background": "#2E8B57", "text": "#FFFFFF" },
    "Coastal Flood Watch": { "background": "#66CDAA", "text": "#000000" },
    "Lakeshore Flood Watch": { "background": "#66CDAA", "text": "#000000" },
    "High Wind Watch": { "background": "#B8860B", "text": "#000000" },
    "Excessive Heat Watch": { "background": "#800000", "text": "#FFFFFF" },
    "Extreme Cold Watch": { "background": "#5F9EA0", "text": "#FFFFFF" },
    "Freeze Watch": { "background": "#00FFFF", "text": "#000000" },
    "Fire Weather Watch": { "background": "#FFDEAD", "text": "#000000" },
    "Extreme Fire Danger": { "background": "#E9967A", "text": "#000000" },
    "911 Telephone Outage": { "background": "#C0C0C0", "text": "#000000" },
    "Coastal Flood Statement": { "background": "#6B8E23", "text": "#FFFFFF" },
    "Lakeshore Flood Statement": { "background": "#6B8E23", "text": "#FFFFFF" },
    "Special Weather Statement": { "background": "#FFE4B5", "text": "#000000" },
    "Marine Weather Statement": { "background": "#FFDAB9", "text": "#000000" },
    "Air Quality Alert": { "background": "#808080", "text": "#FFFFFF" },
    "Air Stagnation Advisory": { "background": "#808080", "text": "#FFFFFF" },
    "Hazardous Weather Outlook": { "background": "#EEE8AA", "text": "#000000" },
    "Hydrologic Outlook": { "background": "#90EE90", "text": "#000000" },
    "Short Term Forecast": { "background": "#98FB98", "text": "#000000" },
    "Administrative Message": { "background": "#C0C0C0", "text": "#000000" },
    "Test": { "background": "#F0FFFF", "text": "#000000" },
    "Child Abduction Emergency": { "background": "#FFFFFF", "text": "#000000" },
    "Blue Alert": { "background": "#FFFFFF", "text": "#000000" }
}